Role,Content,Live?,Tag?,Chat
User,What is the best fruit to buy in Colorado in the winter?,1,,1

Model,"While ""best"" is subjective, considering freshness, flavor, and availability, the **best fruits to buy in Colorado in the winter are typically citrus fruits!**

Here's why, and some other great options:

1.  **Citrus Fruits (Oranges, Mandarins, Grapefruit, Tangerines, Pomelos, Lemons, Limes):**
    *   **Why they're best:** Winter is peak season for many citrus varieties, grown in warmer climates like California, Arizona, and Florida. They are at their juiciest, sweetest, and most flavorful during this time. They also travel well, maintaining their quality.
    *   **Look for:** Navel oranges, Cara Cara oranges (beautiful pink flesh, sweet), Blood oranges (unique flavor, stunning color), Satsumas, Clementines, and Honey tangerines.

2.  **Apples and Pears:**
    *   **Why they're great:** While their harvest season is fall, apples and pears are excellent storage fruits and maintain their crispness and flavor well into winter. You can often find great varieties from nearby states (like Washington) or even local Colorado apples (though these might be from earlier in the season).
    *   **Look for:** Varieties like Honeycrisp, Fuji, Gala, Granny Smith, and Pink Lady apples, and Bartlett, Anjou, or Bosc pears.

3.  **Bananas:**
    *   **Why they're reliable:** Bananas are grown year-round in tropical climates and are consistently available, affordable, and nutritious. While not ""seasonal"" in the same way citrus is, they are always a good staple.

4.  **Kiwi:**
    *   **Why they're a good choice:** Kiwis are harvested in various regions globally, ensuring a steady supply through winter. They're packed with Vitamin C and have a unique sweet-tart flavor.

**What to generally avoid (for peak flavor) in winter:**

*   **Most Berries (Strawberries, Raspberries, Blueberries):** While available, they are often imported from far away (South America) and can be expensive, bland, watery, or mushy compared to their in-season counterparts.
*   **Melons (Watermelon, Cantaloupe, Honeydew):** Similarly, these are often expensive and lack flavor when bought out of their summer season.

**In summary, if you want the freshest, most flavorful, and best-value fruit experience in Colorado in the winter, load up on citrus!**",1,,1

User,Where are the most pleasant winter hikes in Colorado,1,,1

Model,"To find the ""most pleasant"" winter hikes in Colorado, we need to consider several factors: accessibility, snow conditions, sun exposure, avalanche risk, and scenic beauty. Many high-elevation trails become extreme, avalanche-prone, or simply impassable.

For a truly **pleasant** winter hike in Colorado, look for trails that are:

1.  **Lower Elevation:** Below 9,000-10,000 feet often means less extreme cold, less snow depth, and less risk of severe winter conditions.
2.  **South-Facing Slopes:** These get more sun, which means warmer temperatures and often less ice/snow on the trail itself.
3.  **Well-Trafficked:** Packed snow is easier to walk on with microspikes than post-holing through deep powder. It also means you're less likely to get lost.
4.  **Low Avalanche Risk:** Avoid steep, open slopes, especially after fresh snow. Stick to areas with gentle terrain or well-established, maintained paths.
5.  **Accessible Roads:** Maintained roads mean you can actually get to the trailhead.

Here are some of the most pleasant winter hiking areas in Colorado, generally categorized by region:

---

### Front Range Gems (Most Accessible & Often Mildest Conditions)

These are great for day trips from Denver, Boulder, or Colorado Springs.

1.  **Boulder Flatirons (Chautauqua Park)**
    *   **Why it's pleasant:** Iconic views, multiple trail options (some steeper, some gentler), good sun exposure on many trails, frequently packed snow or even dry sections. Microspikes are often useful but sometimes not strictly necessary. Close to amenities.
    *   **Trails to consider:** Mesa Trail (portions), Royal Arch (can be icy and steep near the top), Bluebell Loop, Baseline Trail.
    *   **Gear:** Layers, water, and microspikes are highly recommended.

2.  **Garden of the Gods Park (Colorado Springs)**
    *   **Why it's pleasant:** Stunning red rock formations dusted with snow are incredibly picturesque. Many paved and unpaved easy trails suitable for all levels. Very accessible, generally lower elevation, and often has less snow than mountain areas.
    *   **Trails to consider:** Central Garden Trail, Perkins Central Garden Trail (paved), Palmer Trail.
    *   **Gear:** Good walking shoes are usually sufficient, but microspikes might be helpful on any icy spots on unpaved trails.

3.  **Golden Gate Canyon State Park (Near Golden/Black Hawk)**
    *   **Why it's pleasant:** A bit higher in elevation than Boulder, but still very manageable. Offers diverse terrain, from forests to meadows and overlooks. Less crowded than RMNP or Chautauqua. Good for snowshoeing after fresh snow, or microspikes on packed trails.
    *   **Trails to consider:** Coyote Trail, Burro Trail, Blue Grouse Trail, Panorama Point (for views).
    *   **Gear:** Snowshoes or microspikes, depending on recent snowfall. Park pass required.

4.  **Staunton State Park (Near Pine/Conifer)**
    *   **Why it's pleasant:** Colorado's newest state park, it's beautifully maintained with a variety of trails through forests, along creeks, and to high points with views. Fewer crowds than more established spots.
    *   **Trails to consider:** Mason Creek Trail, Staunton Ranch Trail, Elk Falls Trail (can be longer and more challenging).
    *   **Gear:** Microspikes are often essential, snowshoes after significant fresh snow. Park pass required.

5.  **Maxwell Falls (Evergreen)**
    *   **Why it's pleasant:** A popular shorter hike that leads to frozen waterfalls. Can be very scenic with snow and ice.
    *   **Gear:** Microspikes are usually critical, as sections can be very icy.

---

### Mountain Town Areas (Great for Snowshoeing & Cross-Country Skiing)

These are fantastic if you're comfortable with more snow and potentially colder temperatures.

1.  **Rocky Mountain National Park (East Side - Estes Park Entrance)**
    *   **Why it's pleasant:** Iconic beauty, but *stick to the lower, well-trafficked trails* to avoid high avalanche risk areas. Bear Lake Road is plowed, providing access to many trailheads. The park takes on a serene, magical quality in winter.
    *   **Trails to consider:**
        *   **Bear Lake Loop:** Easy, flat, beautiful.
        *   **Sprague Lake Loop:** Another flat, easy, scenic loop.
        *   **Alberta Falls:** Moderate hike to a beautiful frozen waterfall.
        *   **Dream Lake/Emerald Lake (from Bear Lake Trailhead):** This is *very* popular but can be cold and icy. Stick to the main path, and *be aware of avalanche conditions* if venturing past Dream Lake towards Emerald Lake, especially if off-trail.
    *   **Gear:** Layers, water, **microspikes are essential**, and snowshoes are highly recommended for deeper snow or venturing off packed trails. Park pass and timed entry (seasonal) required.

2.  **Breckenridge/Frisco/Silverthorne Area**
    *   **Why it's pleasant:** Many well-maintained, multi-use trails perfect for snowshoeing or cross-country skiing, often with stunning views of the Tenmile Range.
    *   **Trails to consider:**
        *   **Boreas Pass Road (Breckenridge):** Plowed for vehicles up to the parking lot, then groomed for Nordic skiing/snowshoeing. Relatively flat, incredible views.
        *   **Frisco Nordic Center trails:** Pay for groomed trails, but excellent conditions and rental gear.
        *   **Dillon Reservoir Recreation Path:** Paved path, but can be snow-packed and offer easy, scenic walks along the lake.
    *   **Gear:** Snowshoes or cross-country skis, layers, water.

3.  **Vail/Edwards Area**
    *   **Why it's pleasant:** More peaceful options away from the ski slopes.
    *   **Trails to consider:**
        *   **Shrine Ridge Road (off Vail Pass):** A popular snowshoe and cross-country ski route that offers stunning views of the surrounding mountains. Can be windy.
        *   **Minturn Loop/Cross Creek Trail (Minturn):** Good for snowshoeing and less crowded.
    *   **Gear:** Snowshoes or cross-country skis, layers.

---

### Essential Winter Hiking Gear for a Pleasant Experience:

*   **Layers, layers, layers:** Synthetic or wool base layers, fleece mid-layer, waterproof/windproof outer shell.
*   **Waterproof boots:** Insulated is a plus.
*   **Microspikes or Yaktrax:** Absolutely essential for icy or packed snow trails.
*   **Snowshoes:** For deeper, fresh snow or less-trafficked trails.
*   **Trekking poles:** Excellent for balance, especially on slippery terrain.
*   **Water & snacks:** Hydration is key even in cold weather.
*   **Hat, gloves/mittens, neck gaiter.**
*   **Sunscreen and sunglasses:** Snow reflects UV light strongly.
*   **Map/navigation:** Even on well-known trails, winter conditions can be disorienting.
*   **Headlamp:** For unexpected delays or early starts/late finishes.

**Always check current trail conditions and weather forecasts before you go!** Websites like AllTrails, park websites, and local recreation department sites are invaluable resources. Enjoy the unique beauty of winter in Colorado!",1,,1

User,what are the benefits of Colorados high altitude dry climate?,1,,1

Model,"Colorado's unique combination of high altitude and a dry climate offers several distinct benefits, both for the environment and for people:

### Benefits of High Altitude:

1.  **Athletic Training Advantage:**
    *   **Increased Red Blood Cell Production:** Living and training at altitude stimulates the body to produce more red blood cells, which carry oxygen. When athletes descend to lower elevations, they often experience improved endurance and performance due to this enhanced oxygen-carrying capacity.
    *   **Improved Cardiovascular Efficiency:** The body adapts to the thinner air by becoming more efficient at utilizing oxygen, leading to a stronger cardiovascular system.

2.  **Cleaner Air (Generally):**
    *   While urban areas can still experience inversions and pollution, higher altitudes often mean less trapped pollution, especially for rural and mountain communities. The air can feel crisp and clear.

3.  **Enhanced Solar Radiation & Vitamin D:**
    *   With less atmosphere to filter the sun's rays, there's more direct sunlight. This can contribute to higher natural Vitamin D production (though also necessitates greater sun protection). Many people find the abundant sunshine contributes to improved mood.

4.  **Unique Ecological Niches:**
    *   The high altitude supports diverse alpine and subalpine ecosystems, fostering unique plant and animal species adapted to these conditions.

5.  **Snow Quality:**
    *   High altitude contributes to colder temperatures, which, when combined with dry air, often results in the famous ""champagne powder"" snow that Colorado is renowned for among skiers and snowboarders.

### Benefits of a Dry Climate:

1.  **Comfort and Perceived Temperature:**
    *   **Less Humidity Discomfort:** Low humidity means sweat evaporates quickly, making hot temperatures feel more tolerable and cool temperatures feel less damp and bone-chilling. People often say ""it's a dry heat"" or ""it's a dry cold.""
    *   **Faster Drying:** Laundry, towels, and even the ground after a rain or snowmelt dry much faster.

2.  **Fewer Pests:**
    *   Many insects, particularly mosquitoes, thrive in humid environments. Colorado's dryness generally means fewer of these nuisance pests compared to more humid regions.

3.  **Reduced Mold and Mildew:**
    *   Low humidity significantly inhibits the growth of mold and mildew on homes, clothes, and in storage, leading to healthier indoor air quality and less property damage.

4.  **Clearer Skies & Stargazing:**
    *   Less atmospheric moisture means fewer clouds and haze, leading to more sunny days and exceptionally clear nights for stargazing.

5.  **Preservation:**
    *   The dry air can act as a natural preservative for certain materials, including historic buildings, wooden structures, and even some organic matter.

6.  **Relief for Some Respiratory Conditions:**
    *   While dryness can irritate some, others with certain types of asthma or allergies triggered by mold or high humidity often find relief in a drier climate.

### Synergistic Benefits (High Altitude + Dry Climate):

*   **Sunshine and Outdoor Lifestyle:** The combination of abundant sunshine (due to dryness and altitude) and often comfortable temperatures (due to dryness) encourages an active, outdoor lifestyle year-round.
*   **Unique Beauty:** The clear, crisp air allows for breathtaking views of the mountains, often enhancing the visual experience.
*   **""Champagne Powder"":** The legendary ski conditions are a direct result of cold (altitude) and dry (climate) air depositing light, fluffy snow.

While there are challenges associated with living in a high-altitude, dry climate (like dehydration, increased UV exposure, dry skin/eyes, and increased wildfire risk), the benefits contribute significantly to Colorado's appeal and the quality of life for many residents.",1,,1

User,what is the etymology of the word 'marmalade',1,,2
User,how was philosophy and linguistics influential in the developing of computer science?,1,,3
Model,"Both philosophy and linguistics have played incredibly foundational and ongoing roles in the development of computer science, influencing not just specific applications but the very conceptual bedrock of the field.

## Influence of Philosophy on Computer Science

Philosophy's influence on computer science is arguably the most profound, as it provided the **logical and theoretical underpinnings** for computation itself.

1.  **Logic and Foundations of Mathematics:**
    *   **Formal Logic:** The most direct and undeniable influence. Philosophers like Aristotle laid the groundwork for deductive reasoning. Later, Gottfried Leibniz dreamed of a universal logical calculus and developed binary arithmetic. George Boole formalized **Boolean algebra** in the 19th century, which became the cornerstone of digital circuit design (true/false, on/off).
    *   **Propositional and Predicate Logic:** Further developments by Frege, Russell, and Whitehead (in *Principia Mathematica*) sought to formalize mathematics using logic. This work directly influenced:
        *   **Programming Language Semantics:** How we formally define the meaning of code.
        *   **Artificial Intelligence:** Logic programming (e.g., Prolog), knowledge representation (ontologies, expert systems), and automated theorem proving are directly rooted in predicate logic.
        *   **Database Systems:** Relational algebra and query languages (like SQL) are based on set theory and formal logic.
    *   **Computability Theory:** The philosophical quest to understand the limits of what can be formally proven and calculated led directly to the birth of computability theory.
        *   **Hilbert's Program:** David Hilbert's challenge to find a complete and consistent set of axioms for all of mathematics spurred crucial work.
        *   **Gödel's Incompleteness Theorems:** Kurt Gödel demonstrated inherent limits to formal systems, showing that not all true statements can be proven within a given system. This has profound implications for AI and the limits of automated reasoning.
        *   **Church-Turing Thesis:** Alan Turing (a mathematician and philosopher) and Alonzo Church independently developed models of computation (the **Turing machine** and lambda calculus, respectively) to answer the *Entscheidungsproblem* (decision problem) posed by Hilbert. The Turing machine is a purely conceptual device, but it became the theoretical blueprint for *all modern computers*, defining what is ""computable.""

2.  **Philosophy of Mind and Artificial Intelligence:**
    *   **What is Intelligence?** Philosophers have debated the nature of mind, consciousness, and intelligence for millennia. This directly informs the goals and challenges of AI.
    *   **The Turing Test:** Alan Turing's famous test for machine intelligence is a philosophical thought experiment designed to answer the question, ""Can machines think?"" It frames the entire field of AI around human-like interaction.
    *   **Symbolic AI:** Early AI, heavily influenced by logical positivism and the idea of knowledge as explicit symbols and rules, sought to build intelligent systems by encoding human knowledge in formal logical systems.
    *   **Cognitive Science:** The interdisciplinary field of cognitive science, which includes philosophy of mind, linguistics, psychology, and computer science, explores how minds (natural and artificial) work.

3.  **Epistemology and Knowledge Representation:**
    *   **How do we know what we know?** This philosophical question is central to AI's ability to reason, learn, and represent knowledge in a way that is useful for computation (e.g., semantic networks, ontologies, frames).

4.  **Ethics:**
    *   As computers and AI become more powerful, philosophical ethics (e.g., responsibility, fairness, autonomy, privacy) becomes critical for guiding their development and deployment.

## Influence of Linguistics on Computer Science

Linguistics, the scientific study of language, has fundamentally shaped how we design programming languages, process natural human language, and represent information.

1.  **Formal Grammars and Programming Languages:**
    *   **Noam Chomsky:** His work on **generative grammar** in the 1950s revolutionized linguistics by introducing the concept of formal rules to describe the structure of language. He categorized languages into a **Chomsky Hierarchy** based on the complexity of the grammar required to generate them.
    *   **Backus-Naur Form (BNF):** Inspired by Chomsky's work, John Backus and Peter Naur developed BNF to formally describe the syntax of programming languages (specifically ALGOL 60). BNF and its derivatives (like Extended BNF) became the standard way to specify the structure of virtually every programming language.
    *   **Compilers and Parsers:** The concepts of syntax, parsing (analyzing sentences according to grammatical rules), and lexical analysis (breaking down sentences into words/tokens) in linguistics directly translated into the design of compilers. A compiler's parser performs a linguistic analysis of source code to ensure it adheres to the language's grammar and then translates it into machine-executable instructions.

2.  **Semantics of Programming Languages:**
    *   Just as linguistics studies the meaning of words and sentences, computer scientists developed formal semantics to precisely define the meaning and behavior of programming language constructs. This ensures consistency and correctness in how programs execute.

3.  **Natural Language Processing (NLP) and Artificial Intelligence:**
    *   **Human-Computer Interaction:** The ultimate goal for many early computer scientists was to enable computers to understand and generate human language. This led to the field of NLP.
    *   **Machine Translation:** Early attempts at machine translation in the 1950s were among the first significant applications of computers to linguistic tasks.
    *   **Information Retrieval:** Search engines and text analysis tools are direct descendants of linguistic theories about how language carries information.
    *   **Speech Recognition and Synthesis:** Understanding how humans produce and perceive speech (phonetics, phonology) is crucial for developing these technologies.
    *   **Syntax and Semantic Analysis:** NLP relies heavily on linguistic theories of syntax (e.g., parsing sentences into tree structures) and semantics (extracting meaning, identifying entities, understanding relationships).
    *   **Computational Linguistics:** This is an interdisciplinary field specifically dedicated to the computational modeling of human language, drawing heavily from both linguistics and computer science.

## Conclusion

In essence, philosophy provided computer science with its **reasoning engine** (logic), its **theoretical limits** (computability), and its **grand questions** (the nature of intelligence). Linguistics, in turn, gave computer science the **tools to structure and understand formal languages** (programming languages) and provided the blueprint for how to **engage with and interpret the most complex information system of all: human language.** Together, these disciplines provided the intellectual infrastructure without which modern computer science would be unrecognizable, if it existed at all.",1,,3
User,What is considered the first ever programming language,1,,3
Model,"Defining the ""first ever programming language"" is tricky because it depends on how you define ""programming language."" There's no single, universally agreed-upon answer, but several candidates represent significant milestones.

Here's a breakdown:

1.  **The Conceptual First (Algorithm for a Machine):**
    *   **Ada Lovelace's Notes for Babbage's Analytical Engine (1843):** Often credited with writing the world's first computer program. She developed an algorithm for computing Bernoulli numbers, designed to be executed by Charles Babbage's mechanical **Analytical Engine**.
    *   **Why it's important:** This was a detailed, step-by-step sequence of operations intended for a machine, making it the conceptual ancestor of all programs.
    *   **Why it's not a ""language"" in the modern sense:** The Analytical Engine was never fully built, so her program was never executed. It wasn't written in a formalized syntax but rather described in notes and diagrams.

2.  **The First High-Level Language (Designed but not Implemented Early):**
    *   **Plankalkül by Konrad Zuse (1940s):** Developed by German engineer Konrad Zuse for his Z1, Z3, and Z4 computers, starting around 1943.
    *   **Why it's important:** Plankalkül (meaning ""Plan Calculus"") was a truly high-level language, incorporating concepts like assignments, subroutines, conditional statements, loops, and even array data types. It predated many concepts in later languages.
    *   **Why it's not widely recognized as ""the first"":** Zuse's work was largely isolated during WWII and was not widely published or known until much later (the 1970s). Crucially, the first full compiler for Plankalkül wasn't implemented until 1998, long after other languages had become dominant.

3.  **The First High-Level Language (Implemented and Executed):**
    *   **Short Code (1949-1950):** Proposed by John Mauchly in 1949 and implemented by William F. Schmitt for the BINAC and later the UNIVAC I in 1950.
    *   **Why it's important:** It was one of the first human-readable representations of machine code. Instead of raw binary, programmers could write expressions like `X0 = V0 + V1`. It was an *interpreted* language, meaning each statement was translated into machine code and executed on the fly, making it quite slow.
    *   **Why it's not ""the"" first:** While an early high-level attempt, it was very basic and didn't see widespread use or influence.

    *   **A-0 System (1951-1952) by Grace Hopper:** Developed for the UNIVAC I.
    *   **Why it's important:** The A-0 System was more of a ""compiler"" in the sense that it could translate symbolic code (like arithmetic operations or data transfers) into machine-readable instructions. It was an important step towards automating the programming process, allowing programmers to write code that was less tied to the specific hardware.

4.  **The First Widely Adopted and Influential High-Level Programming Language:**
    *   **FORTRAN (FORmula TRANslation) (1954-1957):** Developed by John Backus and a team at IBM, with the first manual appearing in 1956 and the compiler released in 1957.
    *   **Why it's important:** FORTRAN was the first high-level programming language to have a fully functional **compiler** that could translate human-readable source code into efficient machine code, often comparable in speed to hand-coded assembly. It was specifically designed for scientific and engineering calculations and proved that high-level languages could be practical and performant. Its success led to its widespread adoption and directly influenced the development of many subsequent languages.

**In summary:**

*   For the **conceptual idea of programming a machine**: **Ada Lovelace** is the progenitor.
*   For a **theoretically advanced, high-level design (but late implementation)**: **Plankalkül** stands out.
*   For the **first implemented, high-level symbolic language**: **Short Code** or **A-0 System** are strong contenders.
*   For the **first widely successful and influential high-level programming language** with a compiler that significantly changed how people programmed: **FORTRAN** is almost universally recognized.

When people ask this question today, they are usually referring to **FORTRAN** due to its profound practical impact and widespread adoption.",1,,3
User,what elements of linguistics are shared between natural language and programming languages,1,,3
Model,"While natural languages (like English or Spanish) and programming languages (like Python or C++) serve fundamentally different purposes and have different levels of ambiguity, they share a surprising number of core linguistic elements. This is no accident, as computer scientists consciously borrowed concepts from linguistics when designing programming languages and compilers.

Here are the key linguistic elements shared between natural and programming languages:

1.  **Lexicon (Vocabulary / Tokens):**
    *   **Natural Language:** A set of words, morphemes, and idioms recognized by speakers. (e.g., ""cat,"" ""run,"" ""the,"" ""-ing"").
    *   **Programming Language:** A set of reserved keywords, operators, identifiers, and literals that form the basic building blocks of the language. (e.g., `if`, `else`, `for`, `+`, `=`, `myVariable`, `123`, `""hello""`).
    *   **Shared Element:** Both have a defined set of atomic units that carry specific meaning and serve specific roles within the language structure. These units are called **tokens** in computer science and **lexemes** or words in linguistics.

2.  **Morphology (Word Structure / Lexical Analysis):**
    *   **Natural Language:** The study of how words are formed from smaller units (morphemes), and how word forms change (e.g., pluralization, verb conjugation like ""walk,"" ""walks,"" ""walking,"" ""walked"").
    *   **Programming Language:** While not as complex as natural language morphology, there are rules for forming valid identifiers (variable names, function names) from allowed characters (e.g., must start with a letter or underscore, can contain numbers). Operators can also be combined (e.g., `++`, `--`, `**`). This process is part of **lexical analysis** in compilation, where the input stream of characters is broken down into meaningful tokens.
    *   **Shared Element:** Both have rules dictating how valid ""words"" or ""tokens"" are constructed from a set of basic characters, and how symbols combine to create meaningful units.

3.  **Syntax (Sentence Structure / Grammar):**
    *   **Natural Language:** The rules that govern how words and phrases are combined to form grammatically correct sentences. (e.g., Subject-Verb-Object order in English, rules for noun phrases, verb phrases). Linguists use tools like **phrase structure grammars** to describe these rules.
    *   **Programming Language:** The rules that govern how tokens (keywords, identifiers, operators) are combined to form valid statements, expressions, functions, and programs. These rules are formally described using context-free grammars, most famously using **Backus-Naur Form (BNF)** or Extended BNF (EBNF).
    *   **Shared Element:** Both define a hierarchical structure for organizing their basic units into larger, meaningful constructs. A **parser** in a compiler performs a syntactic analysis of code, much like a linguist analyzes the grammatical structure of a sentence, to ensure it follows the defined rules. If it doesn't, it's a ""syntax error"" (the equivalent of an ungrammatical sentence).

4.  **Semantics (Meaning):**
    *   **Natural Language:** The study of meaning in language – how words, phrases, and sentences convey information, and how their meanings combine compositionally. (e.g., ""The cat sat on the mat"" has a specific meaning based on the meanings of its words and their arrangement).
    *   **Programming Language:** The precise meaning and behavior of language constructs. What does an `if` statement *do*? What value does `x + y` *evaluate* to? What side effects does a function *have*? Computer scientists use various formal semantic techniques (operational, denotational, axiomatic) to define these meanings unequivocally.
    *   **Shared Element:** Both assign meaning to their structural elements and their combinations. While natural language semantics often deals with ambiguity and context, programming language semantics must be unambiguous and deterministic.

5.  **Grammaticality / Well-formedness:**
    *   **Natural Language:** A sentence is grammatical if it adheres to the syntactic rules of the language, even if it doesn't make sense (""Colorless green ideas sleep furiously"").
    *   **Programming Language:** A program is well-formed if it adheres to the syntax rules defined by the language's grammar. A program with a syntax error is ill-formed and will not compile or run.
    *   **Shared Element:** Both distinguish between ""correct"" (grammatical/well-formed) and ""incorrect"" (ungrammatical/ill-formed) sequences of symbols based on predefined rules.

**Key Differences (for context):**

*   **Ambiguity:** Natural languages are inherently ambiguous, relying heavily on context, shared knowledge, and speaker intention. Programming languages are designed to be utterly unambiguous; every statement must have exactly one interpretation.
*   **Formality:** Programming languages are *formal languages*, explicitly designed with precise rules. Natural languages are *natural languages*, evolved organically, with rules that are often implicitly understood and sometimes flexible.
*   **Purpose:** NLs are for human-to-human communication; PLs are for human-to-machine communication.

The strong parallels, particularly in syntax and semantics, allowed early computer scientists like Noam Chomsky (who developed generative grammar) and later computer scientists like John Backus (who developed BNF for programming language syntax) to borrow heavily from linguistic theories to create the foundations for how we design, parse, and understand programming languages today.",1,,3
